class,file,num_vertices,num_faces,face_type,bbox_min_x,bbox_min_y,bbox_min_z,bbox_max_x,bbox_max_y,bbox_max_z
Tree,ShapeDatabase/Tree/m1097.obj,35,31,triangles only,0.025000000372529,0.025000000372529,0.025000000372529,0.4185270071029663,0.975000023841858,0.0284199994057416
Tree,ShapeDatabase/Tree/m1082.obj,82,140,triangles only,0.025000000372529,0.025000000372529,0.025000000372529,0.4579110145568847,0.975000023841858,0.436722993850708
RectangleTable,ShapeDatabase/RectangleTable/m912.obj,36,60,triangles only,0.025000000372529,0.025000000372529,0.025000000372529,0.975000023841858,0.5,0.5
RectangleTable,ShapeDatabase/RectangleTable/m870.obj,48,92,triangles only,0.025000000372529,0.025000000372529,0.025000000372529,0.5708069801330566,0.4406589865684509,0.975000023841858
RectangleTable,ShapeDatabase/RectangleTable/m871.obj,60,184,triangles only,0.025000000372529,0.025000000372529,0.025000000372529,0.8959059715270996,0.975000023841858,0.8928760290145874
RectangleTable,ShapeDatabase/RectangleTable/m905.obj,48,67,triangles only,0.025000000372529,0.025000000372529,0.025000000372529,0.975000023841858,0.8410500288009644,0.975000023841858
RectangleTable,ShapeDatabase/RectangleTable/m915.obj,40,60,triangles only,0.025000000372529,0.025000000372529,0.025000000372529,0.975000023841858,0.6365630030632019,0.5
RectangleTable,ShapeDatabase/RectangleTable/m874.obj,68,88,triangles only,0.025000000372529,0.025000000372529,0.025000000372529,0.975000023841858,0.3558039963245392,0.4321430027484894
RectangleTable,ShapeDatabase/RectangleTable/m876.obj,44,52,triangles only,0.025000000372529,0.025000000372529,0.025000000372529,0.975000023841858,0.6642860174179077,0.9749959707260132
RectangleTable,ShapeDatabase/RectangleTable/m888.obj,36,60,triangles only,0.025000000372529,0.025000000372529,0.025000000372529,0.975000023841858,0.559374988079071,0.5
RectangleTable,ShapeDatabase/RectangleTable/m877.obj,56,84,triangles only,0.025000000372529,0.025000000372529,0.025000000372529,0.975000023841858,0.3513520061969757,0.975000023841858
RectangleTable,ShapeDatabase/RectangleTable/m917.obj,96,172,triangles only,0.025000000372529,0.025000000372529,0.025000000372529,0.975000023841858,0.4050000011920929,0.6583330035209656
RectangleTable,ShapeDatabase/RectangleTable/D00421.obj,95,166,triangles only,-1.076810002326965,-0.3464260101318359,-0.3904100060462951,0.7901260256767273,0.4346829950809479,0.1558379977941513
RectangleTable,ShapeDatabase/RectangleTable/D00188.obj,80,120,triangles only,-0.7438589930534363,-0.6118649840354919,-0.2744089961051941,1.1586300134658811,0.4778609871864319,0.4969489872455597
RectangleTable,ShapeDatabase/RectangleTable/m764.obj,72,121,triangles only,0.025000000372529,0.025000000372529,0.025000000372529,0.7103689908981323,0.6489729881286621,0.975000023841858
RectangleTable,ShapeDatabase/RectangleTable/m919.obj,78,124,triangles only,0.025000000372529,0.025000000372529,0.025000000372529,0.8559960126876831,0.975000023841858,0.9037200212478638
RectangleTable,ShapeDatabase/RectangleTable/m883.obj,96,172,triangles only,0.025000000372529,0.025000000372529,0.025000000372529,0.975000023841858,0.975000023841858,0.975000023841858
RectangleTable,ShapeDatabase/RectangleTable/m894.obj,80,100,triangles only,0.025000000372529,0.025000000372529,0.025000000372529,0.975000023841858,0.4271480143070221,0.975000023841858
RectangleTable,ShapeDatabase/RectangleTable/m881.obj,60,86,triangles only,0.025000000372529,0.025000000372529,0.025000000372529,0.975000023841858,0.6583330035209656,0.3416669964790344
RectangleTable,ShapeDatabase/RectangleTable/m895.obj,80,100,triangles only,0.025000000372529,0.025000000372529,0.025000000372529,0.975000023841858,0.3266110122203827,0.6187520027160645
Cup,ShapeDatabase/Cup/m500.obj,71,138,triangles only,0.025000000372529,0.025000000372529,0.025000000372529,0.9596400260925292,0.8968619704246521,0.975000023841858
Jet,ShapeDatabase/Jet/m1231.obj,79,130,triangles only,0.025000000372529,0.025000000372529,0.025000000372529,0.6357110142707825,0.1946450024843216,0.975000023841858
Jet,ShapeDatabase/Jet/m1300.obj,39,76,triangles only,0.025000000372529,0.025000000372529,0.025000000372529,0.7235170006752014,0.1737789958715438,0.975000023841858
Jet,ShapeDatabase/Jet/m1301.obj,74,144,triangles only,0.025000000372529,0.025000000372529,0.025000000372529,0.6490200161933899,0.1367650032043457,0.975000023841858
BuildingNonResidential,ShapeDatabase/BuildingNonResidential/m390.obj,40,45,triangles only,0.025000000372529,0.032235000282526,0.025000000372529,0.8468170166015625,0.7523369789123535,0.952219009399414
BuildingNonResidential,ShapeDatabase/BuildingNonResidential/m392.obj,33,80,triangles only,0.025000000372529,0.025000000372529,0.025000000372529,0.8166670203208923,0.975000023841858,0.3416669964790344
Drum,ShapeDatabase/Drum/D00709.obj,24,132,triangles only,1.7389299869537354,1.3499699831008911,0.3043909966945648,1.99153995513916,1.6025800704956057,0.3805910050868988
Drum,ShapeDatabase/Drum/D00115.obj,36,204,triangles only,0.5382480025291443,-0.4151859879493713,-0.2713379859924316,1.7513620853424072,0.6859890222549438,0.4279389977455139
Wheel,ShapeDatabase/Wheel/m746.obj,80,128,triangles only,0.025000000372529,0.025000000372529,0.025000000372529,0.975000023841858,0.975000023841858,0.6901440024375916
DeskLamp,ShapeDatabase/DeskLamp/D00378.obj,69,116,triangles only,-0.9078670144081116,-0.2566460072994232,-0.5654929876327515,0.9464409947395324,0.7228410243988037,0.379831999540329
DeskLamp,ShapeDatabase/DeskLamp/m611.obj,87,200,triangles only,0.025000000372529,0.025000000372529,0.025000000372529,0.8440150022506714,0.975000023841858,0.4589320123195648
DeskLamp,ShapeDatabase/DeskLamp/m606.obj,87,145,triangles only,0.025000000372529,0.025000000372529,0.025000000372529,0.8386359810829163,0.975000023841858,0.4589869976043701
Vase,ShapeDatabase/Vase/m533.obj,32,68,triangles only,0.025000000372529,0.025000000372529,0.025000000372529,0.6159570217132568,0.975000023841858,0.5251060128211975
MultiSeat,ShapeDatabase/MultiSeat/m783.obj,66,120,triangles only,0.025000000372529,0.025000000372529,0.025000000372529,0.975000023841858,0.4763639867305755,0.6076070070266724
MultiSeat,ShapeDatabase/MultiSeat/m782.obj,40,46,triangles only,0.025000000372529,0.025000000372529,0.025000000372529,0.975000023841858,0.4238399863243103,0.3478710055351257
MultiSeat,ShapeDatabase/MultiSeat/m778.obj,46,90,triangles only,0.025000000372529,0.025000000372529,0.025000000372529,0.5455989837646484,0.8008310198783875,0.975000023841858
MultiSeat,ShapeDatabase/MultiSeat/m784.obj,24,36,triangles only,0.025000000372529,0.025000000372529,0.025000000372529,0.975000023841858,0.3812499940395355,0.2773559987545013
MultiSeat,ShapeDatabase/MultiSeat/m836.obj,28,44,triangles only,0.025000000372529,0.025000000372529,0.025000000372529,0.975000023841858,0.5,0.5
MultiSeat,ShapeDatabase/MultiSeat/m840.obj,94,180,triangles only,0.025000000372529,0.025000000372529,0.025000000372529,0.975000023841858,0.8524450063705444,0.8524140119552612
MultiSeat,ShapeDatabase/MultiSeat/m841.obj,36,68,triangles only,0.025000000372529,0.025000000372529,0.025000000372529,0.6583330035209656,0.975000023841858,0.3416669964790344
NonWheelChair,ShapeDatabase/NonWheelChair/m793.obj,81,98,triangles only,0.025000000372529,0.025000000372529,0.025000000372529,0.8847110271453857,0.975000023841858,0.7700830101966858
NonWheelChair,ShapeDatabase/NonWheelChair/m818.obj,76,120,triangles only,0.025000000372529,0.025000000372529,0.025000000372529,0.7073659896850586,0.975000023841858,0.7073659896850586
NonWheelChair,ShapeDatabase/NonWheelChair/m827.obj,88,132,triangles only,0.025000000372529,0.025000000372529,0.025000000372529,0.463793009519577,0.975000023841858,0.3893850147724151
Bird,ShapeDatabase/Bird/m50.obj,93,182,triangles only,0.025000000372529,0.025000000372529,0.025000000372529,0.4060479998588562,0.564283013343811,0.975000023841858
Bird,ShapeDatabase/Bird/m43.obj,41,54,triangles only,0.025000000372529,0.025000000372529,0.025000000372529,0.9271060228347778,0.6061660051345825,0.975000023841858
RoundTable,ShapeDatabase/RoundTable/m933.obj,55,100,triangles only,0.025000000372529,0.025000000372529,0.025000000372529,0.975000023841858,0.559374988079071,0.9285039901733398
RoundTable,ShapeDatabase/RoundTable/m931.obj,54,88,triangles only,0.025000000372529,0.025000000372529,0.025000000372529,0.8112069964408875,0.975000023841858,0.7727270126342773
RoundTable,ShapeDatabase/RoundTable/m937.obj,72,140,triangles only,0.025000000372529,0.025000000372529,0.025000000372529,0.975000023841858,0.7638890147209167,0.975000023841858
RoundTable,ShapeDatabase/RoundTable/m922.obj,54,88,triangles only,0.025000000372529,0.025000000372529,0.025000000372529,0.975000023841858,0.5356249809265137,0.9285039901733398
PlantIndoors,ShapeDatabase/PlantIndoors/m1032.obj,96,156,triangles only,0.025000000372529,0.025000000372529,0.025000000372529,0.8920860290527344,0.8973810076713562,0.975000023841858
Gun,ShapeDatabase/Gun/m651.obj,91,130,triangles only,0.025000000372529,0.025000000372529,0.025000000372529,0.2686710059642792,0.6391170024871826,0.975000023841858
House,ShapeDatabase/House/m434.obj,22,26,triangles only,0.025000000372529,0.025000000372529,0.025000000372529,0.6583330035209656,0.975000023841858,0.975000023841858
House,ShapeDatabase/House/m423.obj,35,48,triangles only,0.025000000372529,0.025000000372529,0.025000000372529,0.975000023841858,0.3091090023517608,0.3908349871635437
House,ShapeDatabase/House/m462.obj,25,22,triangles only,0.025000000372529,0.025000000372529,0.025000000372529,0.6802470088005066,0.6038200259208679,0.975000023841858
Chess,ShapeDatabase/Chess/m1605.obj,89,168,triangles only,0.025000000372529,0.025000000372529,0.025000000372529,0.6583330035209656,0.975000023841858,0.6583330035209656
Chess,ShapeDatabase/Chess/D01053.obj,89,168,triangles only,0.025000000372529,0.025000000372529,0.025000000372529,0.6583330035209656,0.975000023841858,0.6583330035209656
AquaticAnimal,ShapeDatabase/AquaticAnimal/m59.obj,44,1680,triangles only,0.025000000372529,0.025000000372529,0.025000000372529,0.2249999940395355,0.2249999940395355,0.975000023841858
Spoon,ShapeDatabase/Spoon/D00474.obj,72,363,triangles only,-0.1502559930086136,0.0206049997359514,0.0,-0.0169799998402595,0.0432499982416629,0.0068500000052154
PlantWildNonTree,ShapeDatabase/PlantWildNonTree/m983.obj,70,74,triangles only,0.025000000372529,0.025000000372529,0.025000000372529,0.9734299778938292,0.8326749801635742,0.975000023841858
Rocket,ShapeDatabase/Rocket/D00426.obj,36,56,triangles only,-1.0222400426864624,-0.1962160021066665,-0.1135110035538673,0.7736070156097412,0.1369799971580505,0.101230002939701
Rocket,ShapeDatabase/Rocket/D00015.obj,88,156,triangles only,-0.3762609958648681,-0.194144994020462,-0.2076369971036911,1.1706700325012207,0.2325209975242614,0.2190349996089935
Rocket,ShapeDatabase/Rocket/D00472.obj,66,108,triangles only,-0.9406309723854064,-0.2146420031785965,-0.1759960055351257,0.9100199937820436,0.1564069986343383,0.1715389937162399
Shelf,ShapeDatabase/Shelf/m858.obj,48,28,triangles only,0.025000000372529,0.025000000372529,0.025000000372529,0.975000023841858,0.5,0.1199999973177909
Shelf,ShapeDatabase/Shelf/m860.obj,56,84,triangles only,0.025000000372529,0.025000000372529,0.025000000372529,0.975000023841858,0.7882949709892273,0.2916989922523498
Shelf,ShapeDatabase/Shelf/D00592.obj,71,106,triangles only,-0.7646849751472473,-0.8908510208129883,-0.3158150017261505,1.21042001247406,1.0631500482559204,0.1775369942188263
Shelf,ShapeDatabase/Shelf/m845.obj,60,88,triangles only,0.025000000372529,0.025000000372529,0.025000000372529,0.7856389880180359,0.975000023841858,0.2630240023136139
Shelf,ShapeDatabase/Shelf/m851.obj,68,120,triangles only,0.025000000372529,0.025000000372529,0.025000000372529,0.8392860293388367,0.975000023841858,0.2964290082454681
Shelf,ShapeDatabase/Shelf/m854.obj,96,204,triangles only,0.025000000372529,0.025000000372529,0.025000000372529,0.9742689728736876,0.975000023841858,0.1934189945459365
Shelf,ShapeDatabase/Shelf/m855.obj,46,44,triangles only,0.025000000372529,0.025000000372529,0.025000000372529,0.975000023841858,0.8166670203208923,0.5
Shelf,ShapeDatabase/Shelf/m856.obj,64,96,triangles only,0.025000000372529,0.025000000372529,0.025000000372529,0.975000023841858,0.7911049723625183,0.4080530107021332
Ship,ShapeDatabase/Ship/m1450.obj,98,156,triangles only,0.025000000372529,0.025000000372529,0.025000000372529,0.2384829968214035,0.843388020992279,0.975000023841858
Computer,ShapeDatabase/Computer/D01102.obj,28,30,triangles only,0.025000000372529,0.025000000372529,0.025000000372529,0.6289600133895874,0.6083719730377197,0.975000023841858
Computer,ShapeDatabase/Computer/D01071.obj,29,43,triangles only,0.025000000372529,0.025000000372529,0.025000000372529,0.8063960075378418,0.8063920140266418,0.975000023841858
Computer,ShapeDatabase/Computer/m1769.obj,46,76,triangles only,0.025000000372529,0.025000000372529,0.025000000372529,0.7035710215568542,0.975000023841858,0.7488099932670593
Computer,ShapeDatabase/Computer/m1765.obj,28,30,triangles only,0.025000000372529,0.025000000372529,0.025000000372529,0.6289600133895874,0.6083719730377197,0.975000023841858
Computer,ShapeDatabase/Computer/m1766.obj,29,43,triangles only,0.025000000372529,0.025000000372529,0.025000000372529,0.8063960075378418,0.8063920140266418,0.975000023841858
Computer,ShapeDatabase/Computer/D01085.obj,46,76,triangles only,0.025000000372529,0.025000000372529,0.025000000372529,0.7035710215568542,0.975000023841858,0.7488099932670593
Sign,ShapeDatabase/Sign/m1684.obj,44,76,triangles only,0.025000000372529,0.025000000372529,0.025000000372529,0.975000023841858,0.942330002784729,0.1042070016264915
Sign,ShapeDatabase/Sign/m1673.obj,80,86,triangles only,0.025000000372529,0.025000000372529,0.025000000372529,0.4289999902248382,0.975000023841858,0.0725549980998039
Sign,ShapeDatabase/Sign/m1675.obj,40,52,triangles only,0.025000000372529,0.025000000372529,0.025000000372529,0.3186340034008026,0.975000023841858,0.0449919998645782
Sign,ShapeDatabase/Sign/m1674.obj,50,78,triangles only,0.025000000372529,0.025000000372529,0.025000000372529,0.5964019894599915,0.975000023841858,0.0837780013680458
FloorLamp,ShapeDatabase/FloorLamp/m623.obj,78,120,triangles only,0.025000000372529,0.025000000372529,0.025000000372529,0.2848049998283386,0.975000023841858,0.2499980032444
FloorLamp,ShapeDatabase/FloorLamp/m622.obj,54,88,triangles only,0.025000000372529,0.025000000372529,0.025000000372529,0.0992190018296241,0.975000023841858,0.2012699991464615
FloorLamp,ShapeDatabase/FloorLamp/m624.obj,46,76,triangles only,0.025000000372529,0.025000000372529,0.025000000372529,0.1711540073156356,0.975000023841858,0.3685390055179596
Tool,ShapeDatabase/Tool/m1102.obj,24,52,triangles only,0.025000000372529,0.025000000372529,0.025000000372529,0.2010670006275177,0.975000023841858,0.0566670000553131
Door,ShapeDatabase/Door/D01177.obj,88,98,triangles only,0.025000000372529,0.025000000372529,0.025000000372529,0.4758369922637939,0.975000023841858,0.0905399993062019
Door,ShapeDatabase/Door/m1708.obj,16,16,triangles only,0.025000000372529,0.025000000372529,0.025000000372529,0.567857027053833,0.975000023841858,0.0521430000662803
Door,ShapeDatabase/Door/D01139.obj,31,29,triangles only,0.025000000372529,0.025000000372529,0.025000000372529,0.5,0.975000023841858,0.0566666983067989
Door,ShapeDatabase/Door/D01121.obj,16,16,triangles only,0.025000000372529,0.025000000372529,0.025000000372529,0.567857027053833,0.975000023841858,0.0521428994834423
Door,ShapeDatabase/Door/D01194.obj,18,18,triangles only,0.025000000372529,0.025000000372529,0.025000000372529,0.0373237989842891,0.975000023841858,0.5280470252037048
Door,ShapeDatabase/Door/D01143.obj,48,72,triangles only,0.025000000372529,0.025000000372529,0.025000000372529,0.5556229948997498,0.975000023841858,0.0776375010609626
Door,ShapeDatabase/Door/m1711.obj,68,132,triangles only,0.025000000372529,0.025000000372529,0.025000000372529,0.3203800022602081,0.975000023841858,0.1041250005364418
Door,ShapeDatabase/Door/D01144.obj,68,132,triangles only,0.025000000372529,0.025000000372529,0.025000000372529,0.3203800022602081,0.975000023841858,0.1041250005364418
Knife,ShapeDatabase/Knife/D01175.obj,87,498,triangles only,0.150967001914978,-0.2726399898529053,0.0,0.73089998960495,0.2440029978752136,0.0439999997615814
Car,ShapeDatabase/Car/m1544.obj,60326,116378,triangles only,0.025000000372529,0.025000000372529,0.025000000372529,0.4798269867897033,0.2520970106124878,0.975000023841858
Car,ShapeDatabase/Car/m1556.obj,35131,119540,triangles only,0.025000000372529,0.025000000372529,0.025000000372529,0.975000023841858,0.3336960077285766,0.3656310141086578
Car,ShapeDatabase/Car/m1510.obj,54710,109357,triangles only,0.025000000372529,0.025000000372529,0.025000000372529,0.4880360066890716,0.2453310042619705,0.975000023841858
Biplane,ShapeDatabase/Biplane/m1120.obj,65722,129881,triangles only,0.025000000372529,0.025000000372529,0.025000000372529,0.975000023841858,0.3700369894504547,0.8891389966011047
Helicopter,ShapeDatabase/Helicopter/m1308.obj,58392,116773,triangles only,0.025000000372529,0.025000000372529,0.025000000372529,0.9153349995613098,0.2512750029563904,0.975000023841858
Chess,ShapeDatabase/Chess/m1595.obj,60667,121343,triangles only,0.025000000372529,0.025000000372529,0.025000000372529,0.975000023841858,0.1922789961099624,0.975000023841858
Bicycle,ShapeDatabase/Bicycle/D00462.obj,56754,111471,triangles only,-0.9814320206642152,-0.5939909815788269,-0.2768380045890808,0.933426022529602,0.6111689805984497,0.2377700060606002
